{"_runtime":365.300858691,"_step":1,"_wandb":{"runtime":366},"accuracy":0.0992,"loss_by_batch":2.3027661369771373,"_timestamp":1.7373924106574178e+09,"accuracy_2":0.0992,"loss":2.302756075592041,"epoch":1}