{"_step":99,"epoch":99,"accuracy_2":0.89332,"_timestamp":1.7364539713830771e+09,"_wandb":{"runtime":17863},"accuracy":0.89332,"loss":0.3290915786552429,"_runtime":17863.273448809,"loss_by_batch":0.329177535593967}