{"_runtime":93.609137733,"_step":9,"_wandb":{"runtime":94},"epoch":9,"accuracy":0.09864,"loss":2.3033574040222167,"_timestamp":1.7363431679608293e+09}