{"_step":499,"epoch":499,"trainset_accuracy":0.09871666666666666,"trainset_loss":NaN,"_wandb":{"runtime":3033},"_timestamp":1.7369350820613642e+09,"_runtime":3033.967213189}