{
    "epoch": 91,
    "accuracy": 0.78968,
    "accuracy_2": 0.78968,
    "loss": 0.6297952125167847,
    "loss_by_batch": 0.6298802154404777
}