{"_wandb":{"runtime":1718},"loss_by_batch":0.6175912948591369,"accuracy":0.79542,"loss":0.6174345691871643,"epoch":326,"_runtime":1713.638786248,"_timestamp":1.7373917461066358e+09,"accuracy_2":0.79542,"_step":326}