{"loss_by_batch":0.3460842375179081,"_runtime":10140.085616269,"_step":49,"accuracy":0.88514,"epoch":49,"loss":0.3459657462501526,"accuracy_2":0.88514,"_wandb":{"runtime":10140},"_timestamp":1.736446179118223e+09}