{"loss":2.3033994882965088,"_timestamp":1.7363440029997556e+09,"_runtime":760.913203155,"_wandb":{"runtime":761},"_step":99,"epoch":99,"accuracy":0.09938}