{"trainset_loss":0.16720556899706523,"_timestamp":1.7369518317197511e+09,"_runtime":549.086558054,"_step":499,"epoch":499,"_wandb":{"runtime":549},"trainset_accuracy":0.95155}