{"epoch":24,"accuracy":0.10046,"loss":2.3354903942108156,"loss_by_batch":2.3354651751115805,"_wandb":{"runtime":4659},"_timestamp":1.7364337396788583e+09,"_runtime":4602.382334458,"_step":24}