{"accuracy":0.727,"loss_by_batch":0.817090788613195,"_step":99,"_runtime":592.485462247,"loss":0.816993238697052,"_wandb":{"runtime":592},"_timestamp":1.7364697226293948e+09,"accuracy_2":0.727,"epoch":99}