{"loss_by_batch":0.6161703020334244,"epoch":999,"accuracy_2":0.79498,"accuracy":0.79498,"_timestamp":1.7368346209220712e+09,"_wandb":{"runtime":4015},"loss":0.6159022018432617,"_step":999,"_runtime":4015.813256895}