{"_timestamp":1.7364360871800976e+09,"_runtime":17791.564185695,"_step":96,"epoch":96,"accuracy":0.09852,"loss":1.0521960102099826e+16,"_wandb":{"runtime":17797},"loss_by_batch":1.0511868708140012e+16}