{"trainset_accuracy":0.09871666666666666,"trainset_loss":NaN,"_timestamp":1.7369341599550793e+09,"_runtime":2376.717451514,"_wandb":{"runtime":2376},"_step":499,"epoch":499}