{"_wandb":{"runtime":3},"trainset_accuracy":0.16115,"trainset_loss":2.285898237482707,"_timestamp":1.736951692302125e+09,"_runtime":3.090145451,"_step":0,"epoch":0}