{"trainset_loss":2.3011943250020344,"_timestamp":1.7369352715418622e+09,"_runtime":3033.392115312,"_step":499,"_wandb":{"runtime":3033},"epoch":499,"trainset_accuracy":0.11236666666666667}