{"_runtime":3.077663727,"_wandb":{"runtime":3},"_step":0,"epoch":0,"trainset_accuracy":0.12116666666666667,"trainset_loss":2.307457134882609,"_timestamp":1.7369517626426692e+09}