{"_timestamp":1.7369352441616845e+09,"_runtime":2994.893836812,"_step":499,"epoch":499,"trainset_accuracy":0.11236666666666667,"trainset_loss":2.3012068883260093,"_wandb":{"runtime":2994}}