{"trainset_loss":2.3012242738087973,"_timestamp":1.7369352455661159e+09,"_runtime":3041.044566965,"_wandb":{"runtime":3041},"_step":499,"epoch":499,"trainset_accuracy":0.11236666666666667}