{"_runtime":3999.340357089,"epoch":999,"accuracy_2":0.7948,"loss":0.6207696091651916,"accuracy":0.7948,"loss_by_batch":0.6206966126147582,"_wandb":{"runtime":3999},"_timestamp":1.7364743654786658e+09,"_step":999}