{"_step":499,"epoch":499,"_wandb":{"runtime":809},"trainset_accuracy":0.11236666666666667,"trainset_loss":2.301193478520711,"_timestamp":1.7369441751531665e+09,"_runtime":809.694453974}