{"_step":99,"epoch":99,"_runtime":403.014518806,"_timestamp":1.7364700646459532e+09,"accuracy_2":0.77804,"loss_by_batch":0.6659656487861458,"accuracy":0.77804,"_wandb":{"runtime":403},"loss":0.6658113514328003}