{"_step":499,"epoch":499,"_wandb":{"runtime":550},"trainset_accuracy":0.9557833333333333,"trainset_loss":0.191251881591479,"_timestamp":1.736925296667092e+09,"_runtime":550.430505099}