{"_wandb":{"runtime":554},"epoch":499,"trainset_accuracy":0.96095,"trainset_loss":0.13918307313919068,"_timestamp":1.7369512493192813e+09,"_runtime":554.395085972,"_step":499}