{"test_accuracy_2":0.5,"task_train_loss_after_all_epochs":0.6931471228599548,"_timestamp":1.7367764614560876e+09,"task_train_loss_by_batch_after_all_epochs":0.7393585459391276,"train_loss":0.693148737748464,"_step":54999,"_runtime":13829.527008867,"train_accuracy":0.49166666666666664,"task_test_accuracy_after_all_epochs":0.5,"task_test_accuracy_2_after_all_epochs":0.5,"test_accuracy":0.5,"train_loss_by_batch":0.7393585459391276,"task":4999,"_wandb":{"runtime":13829},"task_idx*epochs_per_task + epoch":1249950,"train_accuracy_2":0.49166666666666664,"task_train_accuracy_after_all_epochs":0.49166666666666664,"task_train_accuracy_2_after_all_epochs":0.49166666666666664}